status	enemies	warmup_frames	sample_frames	median_ms	p95_ms	max_ms	vsync	msaa	culling	width	height	adapter	draw_calls	root_cbv_binds	main_visible	shadow_visible	main_culled	shadow_culled	unbounded	draw_items	object_capacity	instance_capacity	srv_used	srv_capacity	error
success	100	120	600	0.828	4.033	5.968	off	4x	off	1280	720	NVIDIA GeForce RTX 5070 Ti	11	9	104	104	0	0	0	104	256	256	7	64	
success	100	120	600	0.612	3.572	6.911	off	4x	on	1280	720	NVIDIA GeForce RTX 5070 Ti	11	9	43	104	61	0	0	104	256	256	7	64	
success	500	120	600	0.917	3.825	5.779	off	4x	off	1280	720	NVIDIA GeForce RTX 5070 Ti	11	9	504	504	0	0	0	504	512	512	7	64	
success	500	120	600	0.719	3.629	5.526	off	4x	on	1280	720	NVIDIA GeForce RTX 5070 Ti	11	9	218	504	286	0	0	504	512	512	7	64	
success	1000	120	600	0.932	3.646	5.273	off	4x	off	1280	720	NVIDIA GeForce RTX 5070 Ti	11	9	1004	1004	0	0	0	1004	1024	1024	7	64	
success	1000	120	600	0.945	3.581	5.532	off	4x	on	1280	720	NVIDIA GeForce RTX 5070 Ti	11	9	455	1004	549	0	0	1004	1024	1024	7	64	
success	2000	120	600	1.145	3.480	5.814	off	4x	off	1280	720	NVIDIA GeForce RTX 5070 Ti	11	9	2004	2004	0	0	0	2004	2048	2048	7	64	
success	2000	120	600	1.186	3.417	5.707	off	4x	on	1280	720	NVIDIA GeForce RTX 5070 Ti	11	9	918	2004	1086	0	0	2004	2048	2048	7	64	
success	100	120	600	0.737	3.716	5.585	off	4x	off	1280	720	NVIDIA GeForce RTX 5070 Ti	11	9	104	104	0	0	0	104	256	256	7	64	
success	100	120	600	0.777	3.886	5.093	off	4x	on	1280	720	NVIDIA GeForce RTX 5070 Ti	11	9	44	104	60	0	0	104	256	256	7	64	
success	500	120	600	0.892	3.759	6.118	off	4x	off	1280	720	NVIDIA GeForce RTX 5070 Ti	11	9	504	504	0	0	0	504	512	512	7	64	
success	500	120	600	0.792	3.718	5.606	off	4x	on	1280	720	NVIDIA GeForce RTX 5070 Ti	11	9	218	504	286	0	0	504	512	512	7	64	
success	1000	120	600	1.028	3.936	5.427	off	4x	off	1280	720	NVIDIA GeForce RTX 5070 Ti	11	9	1004	1004	0	0	0	1004	1024	1024	7	64	
success	1000	120	600	0.977	3.814	5.366	off	4x	on	1280	720	NVIDIA GeForce RTX 5070 Ti	11	9	455	1004	549	0	0	1004	1024	1024	7	64	
success	2000	120	600	1.254	3.753	6.320	off	4x	off	1280	720	NVIDIA GeForce RTX 5070 Ti	11	9	2004	2004	0	0	0	2004	2048	2048	7	64	
success	2000	120	600	1.228	3.468	5.637	off	4x	on	1280	720	NVIDIA GeForce RTX 5070 Ti	11	9	922	2004	1082	0	0	2004	2048	2048	7	64	
success	100	120	600	0.766	3.586	5.315	off	4x	off	1280	720	NVIDIA GeForce RTX 5070 Ti	11	9	104	104	0	0	0	104	256	256	7	64	
success	100	120	600	0.732	3.536	5.237	off	4x	on	1280	720	NVIDIA GeForce RTX 5070 Ti	11	9	43	104	61	0	0	104	256	256	7	64	
success	500	120	600	0.773	3.505	5.172	off	4x	off	1280	720	NVIDIA GeForce RTX 5070 Ti	11	9	504	504	0	0	0	504	512	512	7	64	
success	500	120	600	0.781	3.652	5.761	off	4x	on	1280	720	NVIDIA GeForce RTX 5070 Ti	11	9	218	504	286	0	0	504	512	512	7	64	
success	1000	120	600	0.985	4.016	6.523	off	4x	off	1280	720	NVIDIA GeForce RTX 5070 Ti	11	9	1004	1004	0	0	0	1004	1024	1024	7	64	
success	1000	120	600	0.988	4.010	5.514	off	4x	on	1280	720	NVIDIA GeForce RTX 5070 Ti	11	9	454	1004	550	0	0	1004	1024	1024	7	64	
success	2000	120	600	1.308	3.976	45.302	off	4x	off	1280	720	NVIDIA GeForce RTX 5070 Ti	11	9	2004	2004	0	0	0	2004	2048	2048	7	64	
success	2000	120	600	1.110	3.384	4.945	off	4x	on	1280	720	NVIDIA GeForce RTX 5070 Ti	11	9	911	2004	1093	0	0	2004	2048	2048	7	64	
success	100	120	600	0.654	3.188	5.488	off	4x	off	1280	720	NVIDIA GeForce RTX 5070 Ti	11	9	104	104	0	0	0	104	256	256	7	64	
success	100	120	600	0.708	3.491	5.598	off	4x	on	1280	720	NVIDIA GeForce RTX 5070 Ti	11	9	43	104	61	0	0	104	256	256	7	64	
success	500	120	600	0.770	3.418	5.222	off	4x	off	1280	720	NVIDIA GeForce RTX 5070 Ti	11	9	504	504	0	0	0	504	512	512	7	64	
success	500	120	600	0.661	3.582	4.877	off	4x	on	1280	720	NVIDIA GeForce RTX 5070 Ti	11	9	215	504	289	0	0	504	512	512	7	64	
success	1000	120	600	0.847	3.490	5.014	off	4x	off	1280	720	NVIDIA GeForce RTX 5070 Ti	11	9	1004	1004	0	0	0	1004	1024	1024	7	64	
success	1000	120	600	0.831	3.466	5.438	off	4x	on	1280	720	NVIDIA GeForce RTX 5070 Ti	11	9	452	1004	552	0	0	1004	1024	1024	7	64	
success	2000	120	600	1.086	3.387	5.268	off	4x	off	1280	720	NVIDIA GeForce RTX 5070 Ti	11	9	2004	2004	0	0	0	2004	2048	2048	7	64	
success	2000	120	600	1.153	3.246	5.882	off	4x	on	1280	720	NVIDIA GeForce RTX 5070 Ti	11	9	911	2004	1093	0	0	2004	2048	2048	7	64	
success	100	120	600	0.618	3.295	4.843	off	4x	off	1280	720	NVIDIA GeForce RTX 5070 Ti	11	9	104	104	0	0	0	104	256	256	7	64	
success	100	120	600	0.664	3.554	5.494	off	4x	on	1280	720	NVIDIA GeForce RTX 5070 Ti	11	9	42	104	62	0	0	104	256	256	7	64	
success	500	120	600	0.677	3.432	4.925	off	4x	off	1280	720	NVIDIA GeForce RTX 5070 Ti	11	9	504	504	0	0	0	504	512	512	7	64	
success	500	120	600	0.747	3.480	5.456	off	4x	on	1280	720	NVIDIA GeForce RTX 5070 Ti	11	9	216	504	288	0	0	504	512	512	7	64	
success	1000	120	600	0.908	3.448	4.963	off	4x	off	1280	720	NVIDIA GeForce RTX 5070 Ti	11	9	1004	1004	0	0	0	1004	1024	1024	7	64	
success	1000	120	600	0.889	3.542	6.148	off	4x	on	1280	720	NVIDIA GeForce RTX 5070 Ti	11	9	453	1004	551	0	0	1004	1024	1024	7	64	
success	2000	120	600	1.160	3.457	5.148	off	4x	off	1280	720	NVIDIA GeForce RTX 5070 Ti	11	9	2004	2004	0	0	0	2004	2048	2048	7	64	
success	2000	120	600	1.113	3.168	5.254	off	4x	on	1280	720	NVIDIA GeForce RTX 5070 Ti	11	9	912	2004	1092	0	0	2004	2048	2048	7	64	
success	100	120	600	0.720	3.422	4.984	off	4x	off	1280	720	NVIDIA GeForce RTX 5070 Ti	11	9	104	104	0	0	0	104	256	256	7	64	
success	100	120	600	0.634	3.581	5.630	off	4x	on	1280	720	NVIDIA GeForce RTX 5070 Ti	11	9	42	104	62	0	0	104	256	256	7	64	
success	500	120	600	0.773	3.527	5.041	off	4x	off	1280	720	NVIDIA GeForce RTX 5070 Ti	11	9	504	504	0	0	0	504	512	512	7	64	
success	500	120	600	0.668	3.399	5.376	off	4x	on	1280	720	NVIDIA GeForce RTX 5070 Ti	11	9	215	504	289	0	0	504	512	512	7	64	
success	1000	120	600	0.959	3.656	5.315	off	4x	off	1280	720	NVIDIA GeForce RTX 5070 Ti	11	9	1004	1004	0	0	0	1004	1024	1024	7	64	
success	1000	120	600	0.797	3.300	5.708	off	4x	on	1280	720	NVIDIA GeForce RTX 5070 Ti	11	9	450	1004	554	0	0	1004	1024	1024	7	64	
success	2000	120	600	1.145	3.445	6.198	off	4x	off	1280	720	NVIDIA GeForce RTX 5070 Ti	11	9	2004	2004	0	0	0	2004	2048	2048	7	64	
success	2000	120	600	1.131	3.223	5.247	off	4x	on	1280	720	NVIDIA GeForce RTX 5070 Ti	11	9	911	2004	1093	0	0	2004	2048	2048	7	64	
success	100	120	600	0.735	3.211	5.290	off	4x	off	1280	720	NVIDIA GeForce RTX 5070 Ti	11	9	104	104	0	0	0	104	256	256	7	64	
success	100	120	600	0.598	3.615	5.006	off	4x	on	1280	720	NVIDIA GeForce RTX 5070 Ti	11	9	42	104	62	0	0	104	256	256	7	64	
success	500	120	600	0.753	3.411	5.766	off	4x	off	1280	720	NVIDIA GeForce RTX 5070 Ti	11	9	504	504	0	0	0	504	512	512	7	64	
success	500	120	600	0.743	3.304	4.845	off	4x	on	1280	720	NVIDIA GeForce RTX 5070 Ti	11	9	215	504	289	0	0	504	512	512	7	64	
success	1000	120	600	0.859	3.780	4.991	off	4x	off	1280	720	NVIDIA GeForce RTX 5070 Ti	11	9	1004	1004	0	0	0	1004	1024	1024	7	64	
success	1000	120	600	0.854	3.522	5.323	off	4x	on	1280	720	NVIDIA GeForce RTX 5070 Ti	11	9	451	1004	553	0	0	1004	1024	1024	7	64	
success	2000	120	600	1.138	3.443	5.679	off	4x	off	1280	720	NVIDIA GeForce RTX 5070 Ti	11	9	2004	2004	0	0	0	2004	2048	2048	7	64	
success	2000	120	600	1.091	3.046	5.325	off	4x	on	1280	720	NVIDIA GeForce RTX 5070 Ti	11	9	905	2004	1099	0	0	2004	2048	2048	7	64	
success	100	120	600	0.612	3.352	5.236	off	4x	off	1280	720	NVIDIA GeForce RTX 5070 Ti	11	9	104	104	0	0	0	104	256	256	7	64	
success	100	120	600	0.667	3.243	5.265	off	4x	on	1280	720	NVIDIA GeForce RTX 5070 Ti	11	9	42	104	62	0	0	104	256	256	7	64	
success	500	120	600	0.801	3.353	5.112	off	4x	off	1280	720	NVIDIA GeForce RTX 5070 Ti	11	9	504	504	0	0	0	504	512	512	7	64	
success	500	120	600	0.794	3.393	4.980	off	4x	on	1280	720	NVIDIA GeForce RTX 5070 Ti	11	9	216	504	288	0	0	504	512	512	7	64	
success	1000	120	600	0.964	3.451	5.660	off	4x	off	1280	720	NVIDIA GeForce RTX 5070 Ti	11	9	1004	1004	0	0	0	1004	1024	1024	7	64	
success	1000	120	600	0.813	3.363	5.182	off	4x	on	1280	720	NVIDIA GeForce RTX 5070 Ti	11	9	451	1004	553	0	0	1004	1024	1024	7	64	
success	2000	120	600	1.060	3.420	5.434	off	4x	off	1280	720	NVIDIA GeForce RTX 5070 Ti	11	9	2004	2004	0	0	0	2004	2048	2048	7	64	
success	2000	120	600	1.113	3.209	5.058	off	4x	on	1280	720	NVIDIA GeForce RTX 5070 Ti	11	9	910	2004	1094	0	0	2004	2048	2048	7	64	
success	100	120	600	0.655	3.268	4.781	off	4x	off	1280	720	NVIDIA GeForce RTX 5070 Ti	11	9	104	104	0	0	0	104	256	256	7	64	
success	100	120	600	0.635	3.337	5.451	off	4x	on	1280	720	NVIDIA GeForce RTX 5070 Ti	11	9	42	104	62	0	0	104	256	256	7	64	
success	500	120	600	0.805	3.508	4.932	off	4x	off	1280	720	NVIDIA GeForce RTX 5070 Ti	11	9	504	504	0	0	0	504	512	512	7	64	
success	500	120	600	0.758	3.317	4.805	off	4x	on	1280	720	NVIDIA GeForce RTX 5070 Ti	11	9	216	504	288	0	0	504	512	512	7	64	
success	1000	120	600	0.847	3.462	5.298	off	4x	off	1280	720	NVIDIA GeForce RTX 5070 Ti	11	9	1004	1004	0	0	0	1004	1024	1024	7	64	
success	1000	120	600	0.828	3.430	5.114	off	4x	on	1280	720	NVIDIA GeForce RTX 5070 Ti	11	9	451	1004	553	0	0	1004	1024	1024	7	64	
success	2000	120	600	1.116	3.625	5.827	off	4x	off	1280	720	NVIDIA GeForce RTX 5070 Ti	11	9	2004	2004	0	0	0	2004	2048	2048	7	64	
success	2000	120	600	1.122	3.272	4.919	off	4x	on	1280	720	NVIDIA GeForce RTX 5070 Ti	11	9	911	2004	1093	0	0	2004	2048	2048	7	64	
success	100	120	600	0.652	3.176	5.696	off	4x	off	1280	720	NVIDIA GeForce RTX 5070 Ti	11	9	104	104	0	0	0	104	256	256	7	64	
success	100	120	600	0.661	3.194	5.265	off	4x	on	1280	720	NVIDIA GeForce RTX 5070 Ti	11	9	42	104	62	0	0	104	256	256	7	64	
success	500	120	600	0.757	3.362	4.899	off	4x	off	1280	720	NVIDIA GeForce RTX 5070 Ti	11	9	504	504	0	0	0	504	512	512	7	64	
success	500	120	600	0.695	3.396	4.951	off	4x	on	1280	720	NVIDIA GeForce RTX 5070 Ti	11	9	215	504	289	0	0	504	512	512	7	64	
success	1000	120	600	0.976	3.633	4.809	off	4x	off	1280	720	NVIDIA GeForce RTX 5070 Ti	11	9	1004	1004	0	0	0	1004	1024	1024	7	64	
success	1000	120	600	0.888	3.425	5.941	off	4x	on	1280	720	NVIDIA GeForce RTX 5070 Ti	11	9	453	1004	551	0	0	1004	1024	1024	7	64	
success	2000	120	600	1.128	3.373	4.724	off	4x	off	1280	720	NVIDIA GeForce RTX 5070 Ti	11	9	2004	2004	0	0	0	2004	2048	2048	7	64	
success	2000	120	600	1.136	3.323	5.247	off	4x	on	1280	720	NVIDIA GeForce RTX 5070 Ti	11	9	910	2004	1094	0	0	2004	2048	2048	7	64	
success	100	120	600	0.690	3.509	5.072	off	4x	off	1280	720	NVIDIA GeForce RTX 5070 Ti	11	9	104	104	0	0	0	104	256	256	7	64	
success	100	120	600	0.703	3.326	5.407	off	4x	on	1280	720	NVIDIA GeForce RTX 5070 Ti	11	9	42	104	62	0	0	104	256	256	7	64	
success	500	120	600	0.764	3.583	5.026	off	4x	off	1280	720	NVIDIA GeForce RTX 5070 Ti	11	9	504	504	0	0	0	504	512	512	7	64	
success	500	120	600	0.711	3.053	4.752	off	4x	on	1280	720	NVIDIA GeForce RTX 5070 Ti	11	9	215	504	289	0	0	504	512	512	7	64	
success	1000	120	600	0.910	3.592	5.471	off	4x	off	1280	720	NVIDIA GeForce RTX 5070 Ti	11	9	1004	1004	0	0	0	1004	1024	1024	7	64	
success	1000	120	600	0.840	3.344	5.300	off	4x	on	1280	720	NVIDIA GeForce RTX 5070 Ti	11	9	451	1004	553	0	0	1004	1024	1024	7	64	
success	2000	120	600	1.086	3.505	5.490	off	4x	off	1280	720	NVIDIA GeForce RTX 5070 Ti	11	9	2004	2004	0	0	0	2004	2048	2048	7	64	
success	2000	120	600	1.147	3.260	5.310	off	4x	on	1280	720	NVIDIA GeForce RTX 5070 Ti	11	9	913	2004	1091	0	0	2004	2048	2048	7	64	
success	100	120	600	0.669	3.550	5.266	off	4x	off	1280	720	NVIDIA GeForce RTX 5070 Ti	11	9	104	104	0	0	0	104	256	256	7	64	
success	100	120	600	0.692	3.170	4.857	off	4x	on	1280	720	NVIDIA GeForce RTX 5070 Ti	11	9	42	104	62	0	0	104	256	256	7	64	
success	500	120	600	0.822	3.417	4.849	off	4x	off	1280	720	NVIDIA GeForce RTX 5070 Ti	11	9	504	504	0	0	0	504	512	512	7	64	
success	500	120	600	0.690	3.380	4.917	off	4x	on	1280	720	NVIDIA GeForce RTX 5070 Ti	11	9	215	504	289	0	0	504	512	512	7	64	
success	1000	120	600	0.839	3.735	5.422	off	4x	off	1280	720	NVIDIA GeForce RTX 5070 Ti	11	9	1004	1004	0	0	0	1004	1024	1024	7	64	
success	1000	120	600	0.884	3.351	4.859	off	4x	on	1280	720	NVIDIA GeForce RTX 5070 Ti	11	9	451	1004	553	0	0	1004	1024	1024	7	64	
success	2000	120	600	1.140	3.529	5.364	off	4x	off	1280	720	NVIDIA GeForce RTX 5070 Ti	11	9	2004	2004	0	0	0	2004	2048	2048	7	64	
success	2000	120	600	1.126	3.141	5.809	off	4x	on	1280	720	NVIDIA GeForce RTX 5070 Ti	11	9	911	2004	1093	0	0	2004	2048	2048	7	64	
