status	enemies	warmup_frames	sample_frames	median_ms	p95_ms	max_ms	vsync	msaa	culling	instancing	width	height	adapter	draw_calls	root_cbv_binds	main_visible	shadow_visible	main_culled	shadow_culled	unbounded	draw_items	object_writes	object_capacity	instance_capacity	srv_used	srv_capacity	error
success	100	120	600	0.182	0.358	1.617	off	4x	off	off	1280	720	NVIDIA GeForce RTX 5070 Ti	209	212	104	104	0	0	0	104	104	256	256	7	64	
success	100	120	600	0.182	0.380	1.770	off	4x	off	on	1280	720	NVIDIA GeForce RTX 5070 Ti	11	9	104	104	0	0	0	104	5	256	256	7	64	
success	100	120	600	0.183	0.376	1.843	off	4x	on	off	1280	720	NVIDIA GeForce RTX 5070 Ti	144	147	39	104	65	0	0	104	104	256	256	7	64	
success	100	120	600	0.187	0.364	1.781	off	4x	on	on	1280	720	NVIDIA GeForce RTX 5070 Ti	11	9	39	104	65	0	0	104	5	256	256	7	64	
success	100	120	600	0.182	0.397	1.657	off	4x	off	off	1280	720	NVIDIA GeForce RTX 5070 Ti	209	212	104	104	0	0	0	104	104	256	256	7	64	
success	100	120	600	0.181	0.486	1.717	off	4x	off	on	1280	720	NVIDIA GeForce RTX 5070 Ti	11	9	104	104	0	0	0	104	5	256	256	7	64	
success	100	120	600	0.183	0.367	1.649	off	4x	on	off	1280	720	NVIDIA GeForce RTX 5070 Ti	144	147	39	104	65	0	0	104	104	256	256	7	64	
success	100	120	600	0.189	0.338	1.617	off	4x	on	on	1280	720	NVIDIA GeForce RTX 5070 Ti	11	9	39	104	65	0	0	104	5	256	256	7	64	
success	100	120	600	0.182	0.432	1.576	off	4x	off	off	1280	720	NVIDIA GeForce RTX 5070 Ti	209	212	104	104	0	0	0	104	104	256	256	7	64	
success	100	120	600	0.181	0.331	1.484	off	4x	off	on	1280	720	NVIDIA GeForce RTX 5070 Ti	11	9	104	104	0	0	0	104	5	256	256	7	64	
success	100	120	600	0.183	0.348	1.568	off	4x	on	off	1280	720	NVIDIA GeForce RTX 5070 Ti	144	147	39	104	65	0	0	104	104	256	256	7	64	
success	100	120	600	0.188	0.383	1.635	off	4x	on	on	1280	720	NVIDIA GeForce RTX 5070 Ti	11	9	39	104	65	0	0	104	5	256	256	7	64	
success	100	120	600	0.183	0.372	1.754	off	4x	off	off	1280	720	NVIDIA GeForce RTX 5070 Ti	209	212	104	104	0	0	0	104	104	256	256	7	64	
success	100	120	600	0.184	0.509	1.732	off	4x	off	on	1280	720	NVIDIA GeForce RTX 5070 Ti	11	9	104	104	0	0	0	104	5	256	256	7	64	
success	100	120	600	0.186	0.473	1.569	off	4x	on	off	1280	720	NVIDIA GeForce RTX 5070 Ti	144	147	39	104	65	0	0	104	104	256	256	7	64	
success	100	120	600	0.193	0.878	3.939	off	4x	on	on	1280	720	NVIDIA GeForce RTX 5070 Ti	11	9	39	104	65	0	0	104	5	256	256	7	64	
success	100	120	600	0.182	0.679	1.358	off	4x	off	off	1280	720	NVIDIA GeForce RTX 5070 Ti	209	212	104	104	0	0	0	104	104	256	256	7	64	
success	100	120	600	0.182	0.292	1.430	off	4x	off	on	1280	720	NVIDIA GeForce RTX 5070 Ti	11	9	104	104	0	0	0	104	5	256	256	7	64	
success	100	120	600	0.183	0.392	1.639	off	4x	on	off	1280	720	NVIDIA GeForce RTX 5070 Ti	144	147	39	104	65	0	0	104	104	256	256	7	64	
success	100	120	600	0.189	0.520	1.593	off	4x	on	on	1280	720	NVIDIA GeForce RTX 5070 Ti	11	9	39	104	65	0	0	104	5	256	256	7	64	
success	100	120	600	0.183	0.726	1.475	off	4x	off	off	1280	720	NVIDIA GeForce RTX 5070 Ti	209	212	104	104	0	0	0	104	104	256	256	7	64	
success	100	120	600	0.181	0.301	1.612	off	4x	off	on	1280	720	NVIDIA GeForce RTX 5070 Ti	11	9	104	104	0	0	0	104	5	256	256	7	64	
success	100	120	600	0.182	0.262	1.124	off	4x	on	off	1280	720	NVIDIA GeForce RTX 5070 Ti	144	147	39	104	65	0	0	104	104	256	256	7	64	
success	100	120	600	0.188	0.409	1.609	off	4x	on	on	1280	720	NVIDIA GeForce RTX 5070 Ti	11	9	39	104	65	0	0	104	5	256	256	7	64	
success	100	120	600	0.181	0.298	1.231	off	4x	off	off	1280	720	NVIDIA GeForce RTX 5070 Ti	209	212	104	104	0	0	0	104	104	256	256	7	64	
success	100	120	600	0.183	0.356	1.191	off	4x	off	on	1280	720	NVIDIA GeForce RTX 5070 Ti	11	9	104	104	0	0	0	104	5	256	256	7	64	
success	100	120	600	0.186	0.387	1.850	off	4x	on	off	1280	720	NVIDIA GeForce RTX 5070 Ti	144	147	39	104	65	0	0	104	104	256	256	7	64	
success	100	120	600	0.187	0.271	1.331	off	4x	on	on	1280	720	NVIDIA GeForce RTX 5070 Ti	11	9	39	104	65	0	0	104	5	256	256	7	64	
success	100	120	600	0.182	0.248	1.417	off	4x	off	off	1280	720	NVIDIA GeForce RTX 5070 Ti	209	212	104	104	0	0	0	104	104	256	256	7	64	
success	100	120	600	0.181	0.387	1.385	off	4x	off	on	1280	720	NVIDIA GeForce RTX 5070 Ti	11	9	104	104	0	0	0	104	5	256	256	7	64	
success	100	120	600	0.189	0.822	2.695	off	4x	on	off	1280	720	NVIDIA GeForce RTX 5070 Ti	144	147	39	104	65	0	0	104	104	256	256	7	64	
success	100	120	600	0.191	0.611	1.664	off	4x	on	on	1280	720	NVIDIA GeForce RTX 5070 Ti	11	9	39	104	65	0	0	104	5	256	256	7	64	
success	100	120	600	0.184	0.798	1.564	off	4x	off	off	1280	720	NVIDIA GeForce RTX 5070 Ti	209	212	104	104	0	0	0	104	104	256	256	7	64	
success	100	120	600	0.182	0.404	1.489	off	4x	off	on	1280	720	NVIDIA GeForce RTX 5070 Ti	11	9	104	104	0	0	0	104	5	256	256	7	64	
success	100	120	600	0.184	0.417	1.584	off	4x	on	off	1280	720	NVIDIA GeForce RTX 5070 Ti	144	147	39	104	65	0	0	104	104	256	256	7	64	
success	100	120	600	0.189	0.432	1.485	off	4x	on	on	1280	720	NVIDIA GeForce RTX 5070 Ti	11	9	39	104	65	0	0	104	5	256	256	7	64	
success	100	120	600	0.185	0.661	1.759	off	4x	off	off	1280	720	NVIDIA GeForce RTX 5070 Ti	209	212	104	104	0	0	0	104	104	256	256	7	64	
success	100	120	600	0.184	0.477	1.605	off	4x	off	on	1280	720	NVIDIA GeForce RTX 5070 Ti	11	9	104	104	0	0	0	104	5	256	256	7	64	
success	100	120	600	0.190	0.977	1.595	off	4x	on	off	1280	720	NVIDIA GeForce RTX 5070 Ti	144	147	39	104	65	0	0	104	104	256	256	7	64	
success	100	120	600	0.192	0.442	1.353	off	4x	on	on	1280	720	NVIDIA GeForce RTX 5070 Ti	11	9	39	104	65	0	0	104	5	256	256	7	64	
success	100	120	600	0.187	0.877	1.717	off	4x	off	off	1280	720	NVIDIA GeForce RTX 5070 Ti	209	212	104	104	0	0	0	104	104	256	256	7	64	
success	100	120	600	0.187	0.658	1.515	off	4x	off	on	1280	720	NVIDIA GeForce RTX 5070 Ti	11	9	104	104	0	0	0	104	5	256	256	7	64	
success	100	120	600	0.183	0.333	1.390	off	4x	on	off	1280	720	NVIDIA GeForce RTX 5070 Ti	144	147	39	104	65	0	0	104	104	256	256	7	64	
success	100	120	600	0.197	0.679	2.418	off	4x	on	on	1280	720	NVIDIA GeForce RTX 5070 Ti	11	9	39	104	65	0	0	104	5	256	256	7	64	
success	100	120	600	0.184	0.797	1.338	off	4x	off	off	1280	720	NVIDIA GeForce RTX 5070 Ti	209	212	104	104	0	0	0	104	104	256	256	7	64	
success	100	120	600	0.183	0.724	1.253	off	4x	off	on	1280	720	NVIDIA GeForce RTX 5070 Ti	11	9	104	104	0	0	0	104	5	256	256	7	64	
success	100	120	600	0.186	0.368	1.575	off	4x	on	off	1280	720	NVIDIA GeForce RTX 5070 Ti	144	147	39	104	65	0	0	104	104	256	256	7	64	
success	100	120	600	0.187	0.486	1.458	off	4x	on	on	1280	720	NVIDIA GeForce RTX 5070 Ti	11	9	39	104	65	0	0	104	5	256	256	7	64	
success	500	120	600	0.276	0.979	1.933	off	4x	off	off	1280	720	NVIDIA GeForce RTX 5070 Ti	1009	1012	504	504	0	0	0	504	504	512	256	7	64	
success	500	120	600	0.256	1.056	3.691	off	4x	off	on	1280	720	NVIDIA GeForce RTX 5070 Ti	11	9	504	504	0	0	0	504	5	512	512	7	64	
success	500	120	600	0.261	0.739	1.703	off	4x	on	off	1280	720	NVIDIA GeForce RTX 5070 Ti	699	702	194	504	310	0	0	504	504	512	256	7	64	
success	500	120	600	0.290	0.935	1.318	off	4x	on	on	1280	720	NVIDIA GeForce RTX 5070 Ti	11	9	195	504	309	0	0	504	5	512	512	7	64	
success	500	120	600	0.256	0.962	1.606	off	4x	off	off	1280	720	NVIDIA GeForce RTX 5070 Ti	1009	1012	504	504	0	0	0	504	504	512	256	7	64	
success	500	120	600	0.252	0.603	1.602	off	4x	off	on	1280	720	NVIDIA GeForce RTX 5070 Ti	11	9	504	504	0	0	0	504	5	512	512	7	64	
success	500	120	600	0.265	0.857	2.260	off	4x	on	off	1280	720	NVIDIA GeForce RTX 5070 Ti	699	702	194	504	310	0	0	504	504	512	256	7	64	
success	500	120	600	0.298	1.036	1.794	off	4x	on	on	1280	720	NVIDIA GeForce RTX 5070 Ti	11	9	195	504	309	0	0	504	5	512	512	7	64	
success	500	120	600	0.255	0.824	1.706	off	4x	off	off	1280	720	NVIDIA GeForce RTX 5070 Ti	1009	1012	504	504	0	0	0	504	504	512	256	7	64	
success	500	120	600	0.253	0.884	1.678	off	4x	off	on	1280	720	NVIDIA GeForce RTX 5070 Ti	11	9	504	504	0	0	0	504	5	512	512	7	64	
success	500	120	600	0.258	0.643	1.506	off	4x	on	off	1280	720	NVIDIA GeForce RTX 5070 Ti	698	701	193	504	311	0	0	504	504	512	256	7	64	
success	500	120	600	0.282	0.728	1.389	off	4x	on	on	1280	720	NVIDIA GeForce RTX 5070 Ti	11	9	193	504	311	0	0	504	5	512	512	7	64	
success	500	120	600	0.253	0.674	1.545	off	4x	off	off	1280	720	NVIDIA GeForce RTX 5070 Ti	1009	1012	504	504	0	0	0	504	504	512	256	7	64	
success	500	120	600	0.250	0.619	1.636	off	4x	off	on	1280	720	NVIDIA GeForce RTX 5070 Ti	11	9	504	504	0	0	0	504	5	512	512	7	64	
success	500	120	600	0.259	0.639	1.711	off	4x	on	off	1280	720	NVIDIA GeForce RTX 5070 Ti	698	701	193	504	311	0	0	504	504	512	256	7	64	
success	500	120	600	0.281	0.609	1.393	off	4x	on	on	1280	720	NVIDIA GeForce RTX 5070 Ti	11	9	193	504	311	0	0	504	5	512	512	7	64	
success	500	120	600	0.253	0.563	1.579	off	4x	off	off	1280	720	NVIDIA GeForce RTX 5070 Ti	1009	1012	504	504	0	0	0	504	504	512	256	7	64	
success	500	120	600	0.250	0.609	1.792	off	4x	off	on	1280	720	NVIDIA GeForce RTX 5070 Ti	11	9	504	504	0	0	0	504	5	512	512	7	64	
success	500	120	600	0.258	0.659	1.405	off	4x	on	off	1280	720	NVIDIA GeForce RTX 5070 Ti	698	701	193	504	311	0	0	504	504	512	256	7	64	
success	500	120	600	0.281	0.655	1.373	off	4x	on	on	1280	720	NVIDIA GeForce RTX 5070 Ti	11	9	193	504	311	0	0	504	5	512	512	7	64	
success	500	120	600	0.252	0.636	1.571	off	4x	off	off	1280	720	NVIDIA GeForce RTX 5070 Ti	1009	1012	504	504	0	0	0	504	504	512	256	7	64	
success	500	120	600	0.250	0.599	1.522	off	4x	off	on	1280	720	NVIDIA GeForce RTX 5070 Ti	11	9	504	504	0	0	0	504	5	512	512	7	64	
success	500	120	600	0.258	0.682	1.416	off	4x	on	off	1280	720	NVIDIA GeForce RTX 5070 Ti	698	701	193	504	311	0	0	504	504	512	256	7	64	
success	500	120	600	0.281	0.631	1.443	off	4x	on	on	1280	720	NVIDIA GeForce RTX 5070 Ti	11	9	193	504	311	0	0	504	5	512	512	7	64	
success	500	120	600	0.253	0.637	1.583	off	4x	off	off	1280	720	NVIDIA GeForce RTX 5070 Ti	1009	1012	504	504	0	0	0	504	504	512	256	7	64	
success	500	120	600	0.249	0.509	1.271	off	4x	off	on	1280	720	NVIDIA GeForce RTX 5070 Ti	11	9	504	504	0	0	0	504	5	512	512	7	64	
success	500	120	600	0.258	0.650	1.449	off	4x	on	off	1280	720	NVIDIA GeForce RTX 5070 Ti	698	701	193	504	311	0	0	504	504	512	256	7	64	
success	500	120	600	0.282	0.697	1.926	off	4x	on	on	1280	720	NVIDIA GeForce RTX 5070 Ti	11	9	193	504	311	0	0	504	5	512	512	7	64	
success	500	120	600	0.253	0.581	1.440	off	4x	off	off	1280	720	NVIDIA GeForce RTX 5070 Ti	1009	1012	504	504	0	0	0	504	504	512	256	7	64	
success	500	120	600	0.248	0.549	1.369	off	4x	off	on	1280	720	NVIDIA GeForce RTX 5070 Ti	11	9	504	504	0	0	0	504	5	512	512	7	64	
success	500	120	600	0.259	0.712	1.504	off	4x	on	off	1280	720	NVIDIA GeForce RTX 5070 Ti	698	701	193	504	311	0	0	504	504	512	256	7	64	
success	500	120	600	0.280	0.649	1.445	off	4x	on	on	1280	720	NVIDIA GeForce RTX 5070 Ti	11	9	193	504	311	0	0	504	5	512	512	7	64	
success	500	120	600	0.254	0.643	1.405	off	4x	off	off	1280	720	NVIDIA GeForce RTX 5070 Ti	1009	1012	504	504	0	0	0	504	504	512	256	7	64	
success	500	120	600	0.248	0.566	1.539	off	4x	off	on	1280	720	NVIDIA GeForce RTX 5070 Ti	11	9	504	504	0	0	0	504	5	512	512	7	64	
success	500	120	600	0.259	0.625	1.428	off	4x	on	off	1280	720	NVIDIA GeForce RTX 5070 Ti	698	701	193	504	311	0	0	504	504	512	256	7	64	
success	500	120	600	0.280	0.604	1.601	off	4x	on	on	1280	720	NVIDIA GeForce RTX 5070 Ti	11	9	193	504	311	0	0	504	5	512	512	7	64	
success	500	120	600	0.252	0.679	1.543	off	4x	off	off	1280	720	NVIDIA GeForce RTX 5070 Ti	1009	1012	504	504	0	0	0	504	504	512	256	7	64	
success	500	120	600	0.250	0.590	1.579	off	4x	off	on	1280	720	NVIDIA GeForce RTX 5070 Ti	11	9	504	504	0	0	0	504	5	512	512	7	64	
success	500	120	600	0.260	0.648	1.455	off	4x	on	off	1280	720	NVIDIA GeForce RTX 5070 Ti	698	701	193	504	311	0	0	504	504	512	256	7	64	
success	500	120	600	0.281	0.558	1.440	off	4x	on	on	1280	720	NVIDIA GeForce RTX 5070 Ti	11	9	193	504	311	0	0	504	5	512	512	7	64	
success	500	120	600	0.252	0.621	1.613	off	4x	off	off	1280	720	NVIDIA GeForce RTX 5070 Ti	1009	1012	504	504	0	0	0	504	504	512	256	7	64	
success	500	120	600	0.249	0.450	1.521	off	4x	off	on	1280	720	NVIDIA GeForce RTX 5070 Ti	11	9	504	504	0	0	0	504	5	512	512	7	64	
success	500	120	600	0.260	0.640	1.486	off	4x	on	off	1280	720	NVIDIA GeForce RTX 5070 Ti	698	701	193	504	311	0	0	504	504	512	256	7	64	
success	500	120	600	0.280	0.646	1.339	off	4x	on	on	1280	720	NVIDIA GeForce RTX 5070 Ti	11	9	193	504	311	0	0	504	5	512	512	7	64	
success	500	120	600	0.253	0.668	1.511	off	4x	off	off	1280	720	NVIDIA GeForce RTX 5070 Ti	1009	1012	504	504	0	0	0	504	504	512	256	7	64	
success	500	120	600	0.249	0.508	1.448	off	4x	off	on	1280	720	NVIDIA GeForce RTX 5070 Ti	11	9	504	504	0	0	0	504	5	512	512	7	64	
success	500	120	600	0.259	0.631	1.418	off	4x	on	off	1280	720	NVIDIA GeForce RTX 5070 Ti	698	701	193	504	311	0	0	504	504	512	256	7	64	
success	500	120	600	0.281	0.668	1.685	off	4x	on	on	1280	720	NVIDIA GeForce RTX 5070 Ti	11	9	193	504	311	0	0	504	5	512	512	7	64	
success	1000	120	600	0.342	0.744	1.438	off	4x	off	off	1280	720	NVIDIA GeForce RTX 5070 Ti	2009	2012	1004	1004	0	0	0	1004	1004	1024	256	7	64	
success	1000	120	600	0.338	0.758	1.395	off	4x	off	on	1280	720	NVIDIA GeForce RTX 5070 Ti	11	9	1004	1004	0	0	0	1004	5	1024	1024	7	64	
success	1000	120	600	0.357	0.690	1.283	off	4x	on	off	1280	720	NVIDIA GeForce RTX 5070 Ti	1414	1417	409	1004	595	0	0	1004	1004	1024	256	7	64	
success	1000	120	600	0.405	0.661	1.151	off	4x	on	on	1280	720	NVIDIA GeForce RTX 5070 Ti	11	9	409	1004	595	0	0	1004	5	1024	1024	7	64	
success	1000	120	600	0.345	0.807	1.443	off	4x	off	off	1280	720	NVIDIA GeForce RTX 5070 Ti	2009	2012	1004	1004	0	0	0	1004	1004	1024	256	7	64	
success	1000	120	600	0.338	0.796	1.368	off	4x	off	on	1280	720	NVIDIA GeForce RTX 5070 Ti	11	9	1004	1004	0	0	0	1004	5	1024	1024	7	64	
success	1000	120	600	0.357	0.733	1.236	off	4x	on	off	1280	720	NVIDIA GeForce RTX 5070 Ti	1414	1417	409	1004	595	0	0	1004	1004	1024	256	7	64	
success	1000	120	600	0.406	0.700	1.228	off	4x	on	on	1280	720	NVIDIA GeForce RTX 5070 Ti	11	9	409	1004	595	0	0	1004	5	1024	1024	7	64	
success	1000	120	600	0.342	0.705	1.472	off	4x	off	off	1280	720	NVIDIA GeForce RTX 5070 Ti	2009	2012	1004	1004	0	0	0	1004	1004	1024	256	7	64	
success	1000	120	600	0.339	0.758	1.566	off	4x	off	on	1280	720	NVIDIA GeForce RTX 5070 Ti	11	9	1004	1004	0	0	0	1004	5	1024	1024	7	64	
success	1000	120	600	0.356	0.708	1.572	off	4x	on	off	1280	720	NVIDIA GeForce RTX 5070 Ti	1414	1417	409	1004	595	0	0	1004	1004	1024	256	7	64	
success	1000	120	600	0.406	0.664	1.381	off	4x	on	on	1280	720	NVIDIA GeForce RTX 5070 Ti	11	9	409	1004	595	0	0	1004	5	1024	1024	7	64	
success	1000	120	600	0.343	0.744	1.458	off	4x	off	off	1280	720	NVIDIA GeForce RTX 5070 Ti	2009	2012	1004	1004	0	0	0	1004	1004	1024	256	7	64	
success	1000	120	600	0.341	0.628	1.430	off	4x	off	on	1280	720	NVIDIA GeForce RTX 5070 Ti	11	9	1004	1004	0	0	0	1004	5	1024	1024	7	64	
success	1000	120	600	0.361	0.931	1.583	off	4x	on	off	1280	720	NVIDIA GeForce RTX 5070 Ti	1414	1417	409	1004	595	0	0	1004	1004	1024	256	7	64	
success	1000	120	600	0.414	0.849	1.511	off	4x	on	on	1280	720	NVIDIA GeForce RTX 5070 Ti	11	9	411	1004	593	0	0	1004	5	1024	1024	7	64	
success	1000	120	600	0.349	0.870	1.468	off	4x	off	off	1280	720	NVIDIA GeForce RTX 5070 Ti	2009	2012	1004	1004	0	0	0	1004	1004	1024	256	7	64	
success	1000	120	600	0.346	0.843	1.549	off	4x	off	on	1280	720	NVIDIA GeForce RTX 5070 Ti	11	9	1004	1004	0	0	0	1004	5	1024	1024	7	64	
success	1000	120	600	0.364	0.993	1.712	off	4x	on	off	1280	720	NVIDIA GeForce RTX 5070 Ti	1414	1417	409	1004	595	0	0	1004	1004	1024	256	7	64	
success	1000	120	600	0.406	0.582	1.581	off	4x	on	on	1280	720	NVIDIA GeForce RTX 5070 Ti	11	9	409	1004	595	0	0	1004	5	1024	1024	7	64	
success	1000	120	600	0.342	0.716	1.767	off	4x	off	off	1280	720	NVIDIA GeForce RTX 5070 Ti	2009	2012	1004	1004	0	0	0	1004	1004	1024	256	7	64	
success	1000	120	600	0.341	0.685	1.472	off	4x	off	on	1280	720	NVIDIA GeForce RTX 5070 Ti	11	9	1004	1004	0	0	0	1004	5	1024	1024	7	64	
success	1000	120	600	0.355	0.807	1.544	off	4x	on	off	1280	720	NVIDIA GeForce RTX 5070 Ti	1414	1417	409	1004	595	0	0	1004	1004	1024	256	7	64	
success	1000	120	600	0.407	0.632	1.252	off	4x	on	on	1280	720	NVIDIA GeForce RTX 5070 Ti	11	9	409	1004	595	0	0	1004	5	1024	1024	7	64	
success	1000	120	600	0.344	0.859	1.522	off	4x	off	off	1280	720	NVIDIA GeForce RTX 5070 Ti	2009	2012	1004	1004	0	0	0	1004	1004	1024	256	7	64	
success	1000	120	600	0.339	0.638	1.568	off	4x	off	on	1280	720	NVIDIA GeForce RTX 5070 Ti	11	9	1004	1004	0	0	0	1004	5	1024	1024	7	64	
success	1000	120	600	0.357	0.597	1.217	off	4x	on	off	1280	720	NVIDIA GeForce RTX 5070 Ti	1414	1417	409	1004	595	0	0	1004	1004	1024	256	7	64	
success	1000	120	600	0.407	0.654	1.084	off	4x	on	on	1280	720	NVIDIA GeForce RTX 5070 Ti	11	9	409	1004	595	0	0	1004	5	1024	1024	7	64	
success	1000	120	600	0.346	0.896	1.783	off	4x	off	off	1280	720	NVIDIA GeForce RTX 5070 Ti	2009	2012	1004	1004	0	0	0	1004	1004	1024	256	7	64	
success	1000	120	600	0.340	0.753	1.761	off	4x	off	on	1280	720	NVIDIA GeForce RTX 5070 Ti	11	9	1004	1004	0	0	0	1004	5	1024	1024	7	64	
success	1000	120	600	0.356	0.739	1.546	off	4x	on	off	1280	720	NVIDIA GeForce RTX 5070 Ti	1414	1417	409	1004	595	0	0	1004	1004	1024	256	7	64	
success	1000	120	600	0.406	0.636	1.678	off	4x	on	on	1280	720	NVIDIA GeForce RTX 5070 Ti	11	9	409	1004	595	0	0	1004	5	1024	1024	7	64	
success	1000	120	600	0.343	0.806	1.435	off	4x	off	off	1280	720	NVIDIA GeForce RTX 5070 Ti	2009	2012	1004	1004	0	0	0	1004	1004	1024	256	7	64	
success	1000	120	600	0.339	0.733	1.296	off	4x	off	on	1280	720	NVIDIA GeForce RTX 5070 Ti	11	9	1004	1004	0	0	0	1004	5	1024	1024	7	64	
success	1000	120	600	0.358	0.726	1.788	off	4x	on	off	1280	720	NVIDIA GeForce RTX 5070 Ti	1414	1417	409	1004	595	0	0	1004	1004	1024	256	7	64	
success	1000	120	600	0.407	0.614	1.219	off	4x	on	on	1280	720	NVIDIA GeForce RTX 5070 Ti	11	9	409	1004	595	0	0	1004	5	1024	1024	7	64	
success	1000	120	600	0.343	0.714	1.516	off	4x	off	off	1280	720	NVIDIA GeForce RTX 5070 Ti	2009	2012	1004	1004	0	0	0	1004	1004	1024	256	7	64	
success	1000	120	600	0.338	0.679	1.621	off	4x	off	on	1280	720	NVIDIA GeForce RTX 5070 Ti	11	9	1004	1004	0	0	0	1004	5	1024	1024	7	64	
success	1000	120	600	0.357	0.798	1.612	off	4x	on	off	1280	720	NVIDIA GeForce RTX 5070 Ti	1414	1417	409	1004	595	0	0	1004	1004	1024	256	7	64	
success	1000	120	600	0.411	0.599	1.075	off	4x	on	on	1280	720	NVIDIA GeForce RTX 5070 Ti	11	9	409	1004	595	0	0	1004	5	1024	1024	7	64	
success	1000	120	600	0.343	0.703	1.457	off	4x	off	off	1280	720	NVIDIA GeForce RTX 5070 Ti	2009	2012	1004	1004	0	0	0	1004	1004	1024	256	7	64	
success	1000	120	600	0.341	0.677	1.605	off	4x	off	on	1280	720	NVIDIA GeForce RTX 5070 Ti	11	9	1004	1004	0	0	0	1004	5	1024	1024	7	64	
success	1000	120	600	0.355	0.706	1.336	off	4x	on	off	1280	720	NVIDIA GeForce RTX 5070 Ti	1414	1417	409	1004	595	0	0	1004	1004	1024	256	7	64	
success	1000	120	600	0.406	0.660	1.282	off	4x	on	on	1280	720	NVIDIA GeForce RTX 5070 Ti	11	9	409	1004	595	0	0	1004	5	1024	1024	7	64	
success	1000	120	600	0.343	0.773	1.648	off	4x	off	off	1280	720	NVIDIA GeForce RTX 5070 Ti	2009	2012	1004	1004	0	0	0	1004	1004	1024	256	7	64	
success	1000	120	600	0.340	0.837	1.399	off	4x	off	on	1280	720	NVIDIA GeForce RTX 5070 Ti	11	9	1004	1004	0	0	0	1004	5	1024	1024	7	64	
success	1000	120	600	0.359	0.666	1.335	off	4x	on	off	1280	720	NVIDIA GeForce RTX 5070 Ti	1414	1417	409	1004	595	0	0	1004	1004	1024	256	7	64	
success	1000	120	600	0.406	0.692	1.108	off	4x	on	on	1280	720	NVIDIA GeForce RTX 5070 Ti	11	9	409	1004	595	0	0	1004	5	1024	1024	7	64	
success	2000	120	600	0.543	0.731	1.251	off	4x	off	off	1280	720	NVIDIA GeForce RTX 5070 Ti	4009	4012	2004	2004	0	0	0	2004	2004	2048	256	7	64	
success	2000	120	600	0.539	0.736	1.234	off	4x	off	on	1280	720	NVIDIA GeForce RTX 5070 Ti	11	9	2004	2004	0	0	0	2004	5	2048	2048	7	64	
success	2000	120	600	0.568	0.714	1.208	off	4x	on	off	1280	720	NVIDIA GeForce RTX 5070 Ti	2833	2836	828	2004	1176	0	0	2004	2004	2048	256	7	64	
success	2000	120	600	0.677	0.796	1.563	off	4x	on	on	1280	720	NVIDIA GeForce RTX 5070 Ti	11	9	836	2004	1168	0	0	2004	5	2048	2048	7	64	
success	2000	120	600	0.542	0.761	1.278	off	4x	off	off	1280	720	NVIDIA GeForce RTX 5070 Ti	4009	4012	2004	2004	0	0	0	2004	2004	2048	256	7	64	
success	2000	120	600	0.541	0.758	1.328	off	4x	off	on	1280	720	NVIDIA GeForce RTX 5070 Ti	11	9	2004	2004	0	0	0	2004	5	2048	2048	7	64	
success	2000	120	600	0.572	0.698	0.933	off	4x	on	off	1280	720	NVIDIA GeForce RTX 5070 Ti	2833	2836	828	2004	1176	0	0	2004	2004	2048	256	7	64	
success	2000	120	600	0.678	0.794	1.577	off	4x	on	on	1280	720	NVIDIA GeForce RTX 5070 Ti	11	9	836	2004	1168	0	0	2004	5	2048	2048	7	64	
success	2000	120	600	0.541	0.772	1.347	off	4x	off	off	1280	720	NVIDIA GeForce RTX 5070 Ti	4009	4012	2004	2004	0	0	0	2004	2004	2048	256	7	64	
success	2000	120	600	0.542	0.762	1.382	off	4x	off	on	1280	720	NVIDIA GeForce RTX 5070 Ti	11	9	2004	2004	0	0	0	2004	5	2048	2048	7	64	
success	2000	120	600	0.571	0.771	1.098	off	4x	on	off	1280	720	NVIDIA GeForce RTX 5070 Ti	2834	2837	829	2004	1175	0	0	2004	2004	2048	256	7	64	
success	2000	120	600	0.681	0.852	1.526	off	4x	on	on	1280	720	NVIDIA GeForce RTX 5070 Ti	11	9	837	2004	1167	0	0	2004	5	2048	2048	7	64	
success	2000	120	600	0.541	0.790	1.786	off	4x	off	off	1280	720	NVIDIA GeForce RTX 5070 Ti	4009	4012	2004	2004	0	0	0	2004	2004	2048	256	7	64	
success	2000	120	600	0.541	0.711	1.237	off	4x	off	on	1280	720	NVIDIA GeForce RTX 5070 Ti	11	9	2004	2004	0	0	0	2004	5	2048	2048	7	64	
success	2000	120	600	0.568	0.718	1.243	off	4x	on	off	1280	720	NVIDIA GeForce RTX 5070 Ti	2833	2836	828	2004	1176	0	0	2004	2004	2048	256	7	64	
success	2000	120	600	0.680	0.839	1.389	off	4x	on	on	1280	720	NVIDIA GeForce RTX 5070 Ti	11	9	836	2004	1168	0	0	2004	5	2048	2048	7	64	
success	2000	120	600	0.542	0.733	1.369	off	4x	off	off	1280	720	NVIDIA GeForce RTX 5070 Ti	4009	4012	2004	2004	0	0	0	2004	2004	2048	256	7	64	
success	2000	120	600	0.543	0.734	1.269	off	4x	off	on	1280	720	NVIDIA GeForce RTX 5070 Ti	11	9	2004	2004	0	0	0	2004	5	2048	2048	7	64	
success	2000	120	600	0.569	0.699	1.092	off	4x	on	off	1280	720	NVIDIA GeForce RTX 5070 Ti	2833	2836	828	2004	1176	0	0	2004	2004	2048	256	7	64	
success	2000	120	600	0.681	0.836	1.442	off	4x	on	on	1280	720	NVIDIA GeForce RTX 5070 Ti	11	9	836	2004	1168	0	0	2004	5	2048	2048	7	64	
success	2000	120	600	0.542	0.852	1.381	off	4x	off	off	1280	720	NVIDIA GeForce RTX 5070 Ti	4009	4012	2004	2004	0	0	0	2004	2004	2048	256	7	64	
success	2000	120	600	0.541	0.740	1.325	off	4x	off	on	1280	720	NVIDIA GeForce RTX 5070 Ti	11	9	2004	2004	0	0	0	2004	5	2048	2048	7	64	
success	2000	120	600	0.569	0.748	1.285	off	4x	on	off	1280	720	NVIDIA GeForce RTX 5070 Ti	2833	2836	828	2004	1176	0	0	2004	2004	2048	256	7	64	
success	2000	120	600	0.678	0.786	1.364	off	4x	on	on	1280	720	NVIDIA GeForce RTX 5070 Ti	11	9	836	2004	1168	0	0	2004	5	2048	2048	7	64	
success	2000	120	600	0.541	0.782	1.679	off	4x	off	off	1280	720	NVIDIA GeForce RTX 5070 Ti	4009	4012	2004	2004	0	0	0	2004	2004	2048	256	7	64	
success	2000	120	600	0.541	0.721	1.435	off	4x	off	on	1280	720	NVIDIA GeForce RTX 5070 Ti	11	9	2004	2004	0	0	0	2004	5	2048	2048	7	64	
success	2000	120	600	0.575	0.745	1.752	off	4x	on	off	1280	720	NVIDIA GeForce RTX 5070 Ti	2836	2839	831	2004	1173	0	0	2004	2004	2048	256	7	64	
success	2000	120	600	0.679	0.790	1.134	off	4x	on	on	1280	720	NVIDIA GeForce RTX 5070 Ti	11	9	836	2004	1168	0	0	2004	5	2048	2048	7	64	
success	2000	120	600	0.543	0.813	1.426	off	4x	off	off	1280	720	NVIDIA GeForce RTX 5070 Ti	4009	4012	2004	2004	0	0	0	2004	2004	2048	256	7	64	
success	2000	120	600	0.541	0.690	1.102	off	4x	off	on	1280	720	NVIDIA GeForce RTX 5070 Ti	11	9	2004	2004	0	0	0	2004	5	2048	2048	7	64	
success	2000	120	600	0.569	0.736	1.083	off	4x	on	off	1280	720	NVIDIA GeForce RTX 5070 Ti	2833	2836	828	2004	1176	0	0	2004	2004	2048	256	7	64	
success	2000	120	600	0.681	0.796	1.508	off	4x	on	on	1280	720	NVIDIA GeForce RTX 5070 Ti	11	9	836	2004	1168	0	0	2004	5	2048	2048	7	64	
success	2000	120	600	0.543	0.738	1.255	off	4x	off	off	1280	720	NVIDIA GeForce RTX 5070 Ti	4009	4012	2004	2004	0	0	0	2004	2004	2048	256	7	64	
success	2000	120	600	0.540	0.726	1.395	off	4x	off	on	1280	720	NVIDIA GeForce RTX 5070 Ti	11	9	2004	2004	0	0	0	2004	5	2048	2048	7	64	
success	2000	120	600	0.572	0.787	1.522	off	4x	on	off	1280	720	NVIDIA GeForce RTX 5070 Ti	2835	2838	830	2004	1174	0	0	2004	2004	2048	256	7	64	
success	2000	120	600	0.679	0.817	1.463	off	4x	on	on	1280	720	NVIDIA GeForce RTX 5070 Ti	11	9	836	2004	1168	0	0	2004	5	2048	2048	7	64	
success	2000	120	600	0.542	0.792	1.431	off	4x	off	off	1280	720	NVIDIA GeForce RTX 5070 Ti	4009	4012	2004	2004	0	0	0	2004	2004	2048	256	7	64	
success	2000	120	600	0.539	0.672	1.201	off	4x	off	on	1280	720	NVIDIA GeForce RTX 5070 Ti	11	9	2004	2004	0	0	0	2004	5	2048	2048	7	64	
success	2000	120	600	0.570	0.737	1.297	off	4x	on	off	1280	720	NVIDIA GeForce RTX 5070 Ti	2833	2836	828	2004	1176	0	0	2004	2004	2048	256	7	64	
success	2000	120	600	0.679	0.812	1.292	off	4x	on	on	1280	720	NVIDIA GeForce RTX 5070 Ti	11	9	836	2004	1168	0	0	2004	5	2048	2048	7	64	
success	2000	120	600	0.542	0.772	1.191	off	4x	off	off	1280	720	NVIDIA GeForce RTX 5070 Ti	4009	4012	2004	2004	0	0	0	2004	2004	2048	256	7	64	
success	2000	120	600	0.542	0.710	1.282	off	4x	off	on	1280	720	NVIDIA GeForce RTX 5070 Ti	11	9	2004	2004	0	0	0	2004	5	2048	2048	7	64	
success	2000	120	600	0.568	0.736	1.306	off	4x	on	off	1280	720	NVIDIA GeForce RTX 5070 Ti	2834	2837	829	2004	1175	0	0	2004	2004	2048	256	7	64	
success	2000	120	600	0.677	0.774	1.057	off	4x	on	on	1280	720	NVIDIA GeForce RTX 5070 Ti	11	9	836	2004	1168	0	0	2004	5	2048	2048	7	64	
success	2000	120	600	0.544	0.777	1.346	off	4x	off	off	1280	720	NVIDIA GeForce RTX 5070 Ti	4009	4012	2004	2004	0	0	0	2004	2004	2048	256	7	64	
success	2000	120	600	0.541	0.656	1.353	off	4x	off	on	1280	720	NVIDIA GeForce RTX 5070 Ti	11	9	2004	2004	0	0	0	2004	5	2048	2048	7	64	
success	2000	120	600	0.572	0.733	1.177	off	4x	on	off	1280	720	NVIDIA GeForce RTX 5070 Ti	2833	2836	828	2004	1176	0	0	2004	2004	2048	256	7	64	
success	2000	120	600	0.684	0.803	1.380	off	4x	on	on	1280	720	NVIDIA GeForce RTX 5070 Ti	11	9	837	2004	1167	0	0	2004	5	2048	2048	7	64	
